episode,timestep,reward
1,800,-19.36520004272461
3,1600,-19.330400466918945
5,2400,-18.108600616455078
